objectid,filename,format,source,date,suggestedcitation,description,rights,rightsstatement,subject,year,latitude,longitude
UAA-1969-010-004,https://archive.org/download/UAA-1969-010-004/UAA-1969-010-004.jpg,image/jpeg,Discover University of Alberta Archives,1929,,,,,,1929,,
UAA-1969-010-007,https://archive.org/download/UAA-1969-010-007/UAA-1969-010-007.jpg,image/jpeg,Discover University of Alberta Archives,1924,"University of Alberta Archives, UAA-1969-010-007, Intervarsity Track Meet, 1924",,Public Domain,,Athletics,1924,,
UAA-1969-010-025,https://archive.org/download/UAA-1969-010-025/UAA-1969-010-025.jpg,image/jpeg,Discover University of Alberta Archives,1924,,,Public Domain,,Athletics,1924,,
UAA-1969-010-028,https://archive.org/download/UAA-1969-010-028/UAA-1969-010-028.jpg,image/jpeg,Discover University of Alberta Archives,1929,,,Public Domain,,Aerial views; Buildings; Agriculture; Quad,1929,,
UAA-1969-010-032,https://archive.org/download/UAA-1969-010-032/UAA-1969-010-032.jpg,image/jpeg,Discover University of Alberta Archives,1929,,,Public Domain,,Aerial views; Buildings; Quad,1929,,
UAA-1969-010-034,https://archive.org/download/UAA-1969-010-034/UAA-1969-010-034.jpg,image/jpeg,Discover University of Alberta Archives,1929,,,Public Domain,,Athletics,1929,,
UAA-1969-010-035,https://archive.org/download/UAA-1969-010-035/UAA-1969-010-035.jpg,image/jpeg,Discover University of Alberta Archives,1929,,,Public Domain,,Athletics,1929,,
UAA-1969-010-037,https://archive.org/download/UAA-1969-010-037/UAA-1969-010-037.jpg,image/jpeg,Discover University of Alberta Archives,1931,,,Public Domain,,Radio/Television; Student Life,1931,,
UAA-1969-010-043,https://archive.org/download/UAA-1969-010-043/UAA-1969-010-043.jpg,image/jpeg,Discover University of Alberta Archives,1923,,,Public Domain,,Vehicles; Buildings,1923,43.6532,-79.3832
UAA-1969-010-049,https://archive.org/download/UAA-1969-010-049/UAA-1969-010-049.jpg,image/jpeg,Discover University of Alberta Archives,1933-03-01,,,Public Domain,,Military,1933,,
UAA-1969-012-003,https://archive.org/download/UAA-1969-012-003/UAA-1969-012-003.jpg,image/jpeg,Discover University of Alberta Archives,1928,,,Public Domain,,President,1928,,
UAA-1969-012-004,https://archive.org/download/UAA-1969-012-004/UAA-1969-012-004.jpg,image/jpeg,Discover University of Alberta Archives,1928,,,Public Domain,,President,1928,,
UAA-1969-012-006,https://archive.org/download/UAA-1969-012-006/UAA-1969-012-006.jpg,image/jpeg,Discover University of Alberta Archives,1942,,,Public Domain,,President,1942,,
UAA-1969-012-007,https://archive.org/download/UAA-1969-012-007/UAA-1969-012-007.jpg,image/jpeg,Discover University of Alberta Archives,1950-09-19,,,© Unknown,,President,1950,,
UAA-1969-012-008,https://archive.org/download/UAA-1969-012-008/UAA-1969-012-008.jpg,image/jpeg,Discover University of Alberta Archives,1950,,,© Unknown,,President,1950,,
UAA-1969-012-009,https://archive.org/download/UAA-1969-012-009/UAA-1969-012-009.jpg,image/jpeg,Discover University of Alberta Archives,1964,,,© Unknown,,President,1964,,
UAA-1969-012-010,https://archive.org/download/UAA-1969-012-010/UAA-1969-012-010.jpg,image/jpeg,Discover University of Alberta Archives,1908,,,Public Domain,,Faculty/Staff,1908,53.5461,-113.4937
UAA-1969-012-015,https://archive.org/download/UAA-1969-012-015/UAA-1969-012-015.jpg,image/jpeg,Discover University of Alberta Archives,,,,Public Domain,,Deans; Faculty/Staff; Sciences/Engineering,0,,
UAA-1969-012-024,https://archive.org/download/UAA-1969-012-024/UAA-1969-012-024.jpg,image/jpeg,Discover University of Alberta Archives,1913,,,Public Domain,,President; Faculty/Staff; Buildings,1913,43.6539,-79.3832
UAA-1969-012-028,https://archive.org/download/UAA-1969-012-028/UAA-1969-012-028.jpg,image/jpeg,https://www.library.ualberta.ca/archives,1912,,,Public Domain,,Class Photos; Convocation,1912,43.6537,-79.3832
UAA-1969-012-040,https://archive.org/download/UAA-1969-012-040/UAA-1969-012-040.jpg,image/jpeg,https://www.library.ualberta.ca/archives,1913,,,Public Domain,,Student Initiation; Animals; Buildings,1913,43.6540,-79.3832
UAA-1969-012-041,https://archive.org/download/UAA-1969-012-041/UAA-1969-012-041.jpg,image/jpeg,https://www.library.ualberta.ca/archives,1913,,,Public Domain,,Student Initiation,1913,43.6541,-79.3832
UAA-1969-012-046,https://archive.org/download/UAA-1969-012-046/UAA-1969-012-046.jpg,image/jpeg,https://www.library.ualberta.ca/archives,1911,,,Public Domain,,Student Initiation,1911,43.6534,-79.3832
UAA-1969-012-053,https://archive.org/download/UAA-1969-012-053/UAA-1969-012-053.jpg,image/jpeg,https://www.library.ualberta.ca/archives,1912-04-01,,,Public Domain,,Clubs/Fraternities; Student Life,1912,,
UAA-1969-012-054,https://archive.org/download/UAA-1969-012-054/UAA-1969-012-054.jpg,image/jpeg,https://www.library.ualberta.ca/archives,1914,,,Public Domain,,Clubs/Fraternities; Student Life,1914,43.6543,-79.3832
UAA-1969-012-060,https://archive.org/download/UAA-1969-012-060/UAA-1969-012-060.jpg,image/jpeg,https://www.library.ualberta.ca/archives,1918-04-01,,,Public Domain,,Clubs/Fraternities; Student Life,1918,,
UAA-1969-012-064,https://archive.org/download/UAA-1969-012-064/UAA-1969-012-064.jpg,image/jpeg,https://www.library.ualberta.ca/archives,1915,,,Public Domain,,Clubs/Fraternities; Student Life,1915,43.6547,-79.3832
UAA-1969-012-065,https://archive.org/download/UAA-1969-012-065/UAA-1969-012-065.jpg,image/jpeg,https://www.library.ualberta.ca/archives,1912-04-01,,,Public Domain,,Clubs/Fraternities; Student Life,1912,,
UAA-1969-012-069,https://archive.org/download/UAA-1969-012-069/UAA-1969-012-069.jpg,image/jpeg,https://www.library.ualberta.ca/archives,1955,,,© Unknown,,Student Government; Student Life,1955,,
UAA-1969-012-075,https://archive.org/download/UAA-1969-012-075/UAA-1969-012-075.jpg,image/jpeg,https://www.library.ualberta.ca/archives,1916,,,Public Domain,,Military,1916,45.5019,-73.5674
UAA-1969-012-076,https://archive.org/download/UAA-1969-012-076/UAA-1969-012-076.jpg,image/jpeg,https://www.library.ualberta.ca/archives,1917,,,Public Domain,,Clubs/Fraternities; Military,1917,49.8954,-97.1385
UAA-1969-012-081,https://archive.org/download/UAA-1969-012-081/UAA-1969-012-081.jpg,image/jpeg,https://www.library.ualberta.ca/archives,1922,,,Public Domain,,Athletics,1922,43.6532,-79.3832
UAA-1969-012-094,https://archive.org/download/UAA-1969-012-094/UAA-1969-012-094.jpg,image/jpeg,University of Alberta Archives,1914-04-01,,,Public Domain,,Class Photos; President,1914,,
UAA-1969-012-096,https://archive.org/download/UAA-1969-012-096/UAA-1969-012-096.jpg,image/jpeg,University of Alberta Archives,1915-04-01,,,Public Domain,,Class Photos; President,1915,,
UAA-1969-012-097,https://archive.org/download/UAA-1969-012-097/UAA-1969-012-097.jpg,image/jpeg,University of Alberta Archives,1909,,,Public Domain,,Classroom,1909,53.5466,-113.4937
UAA-1969-012-109,https://archive.org/download/UAA-1969-012-109/UAA-1969-012-109.jpg,image/jpeg,University of Alberta Archives,1914,,,Public Domain,,Buildings; Education,1914,43.6544,-79.3832
UAA-1969-012-117,https://archive.org/download/UAA-1969-012-117/UAA-1969-012-117.jpg,image/jpeg,University of Alberta Archives,1909-09-29,,,Public Domain,,Groundbreaking/Construction; President; Animals,1909,,
uaa-1969-012-118,https://archive.org/download/uaa-1969-012-118/uaa-1969-012-118.jpg,image/jpeg,University of Alberta Archives,1909-09-29,,"Arts Building, Sod-turning ceremony, September 29, 1909. Completing circuit of building.",Public Domain,,Groundbreaking/Construction,1909,,
UAA-1969-012-119,https://archive.org/download/UAA-1969-012-119/UAA-1969-012-119.jpg,image/jpeg,University of Alberta Archives,1909-09-29,,,Public Domain,,Groundbreaking/Construction; Animals,1909,,
UAA-1969-012-197-1,https://archive.org/download/UAA-1969-012-197-1/UAA-1969-012-197-1.jpg,image/jpeg,University of Alberta Archives,1951-09-26,,,© Unknown,,Buildings; Library,1951,,
UAA-1969-012-197-2,https://archive.org/download/UAA-1969-012-197-2/UAA-1969-012-197-2.jpg,image/jpeg,University of Alberta Archives,1951-10-06,,,© Unknown,,Buildings; Library,1951,,
UAA-1969-012-197-3,https://archive.org/download/UAA-1969-012-197-3/UAA-1969-012-197-3.jpg,image/jpeg,University of Alberta Archives,1951-09-25,,,© Unknown,,Buildings; Library,1951,,
UAA-1969-012-251,https://archive.org/download/UAA-1969-012-251/UAA-1969-012-251.jpg,image/jpeg,University of Alberta Archives,,,,Public Domain,,Buildings,0,,
UAA-1969-012-282,https://archive.org/download/UAA-1969-012-282/UAA-1969-012-282.jpg,image/jpeg,University of Alberta Archives,1960,,,© Unknown,,Alumni; Convocation,1960,,
UAA-1969-018-034,https://archive.org/download/UAA-1969-018-034/UAA-1969-018-034.jpg,image/jpeg,University of Alberta Archives,1928,,,Public Domain,,Buildings; Residences; Quad,1928,,
UAA-1969-018-036,https://archive.org/download/UAA-1969-018-036/UAA-1969-018-036.jpg,image/jpeg,University of Alberta Archives,1928,,,Public Domain,,Buildings; Residences; Quad,1928,,
UAA-1969-018-037,https://archive.org/download/UAA-1969-018-037/UAA-1969-018-037.jpg,image/jpeg,University of Alberta Archives,1928,,,Public Domain,,Buildings; Residences; Quad,1928,,
UAA-1969-018-039,https://archive.org/download/UAA-1969-018-039/UAA-1969-018-039.jpg,image/jpeg,University of Alberta Archives,1920,,,Public Domain,,Buildings; Residences; Faculty/Staff,1920,43.6532,-79.3832
UAA-1969-018-071,https://archive.org/download/UAA-1969-018-071/UAA-1969-018-071.jpg,image/jpeg,University of Alberta Archives,,,,Public Domain,,President; Faculty/Staff,0,,
UAA-1969-018-073,https://archive.org/download/UAA-1969-018-073/UAA-1969-018-073.jpg,image/jpeg,University of Alberta Archives,,,,Public Domain,,Chancellor; Faculty/Staff,0,,
UAA-1969-019-020,https://archive.org/download/UAA-1969-019-020/UAA-1969-019-020.jpg,image/jpeg,University of Alberta Archives,1958-01-21,,,© Unknown,,Buildings,1958,,
UAA-1969-019-066-055,https://archive.org/download/UAA-1969-019-066-055/UAA-1969-019-066-055.jpg,image/jpeg,University of Alberta Archives,1958,,,© Unknown,,Buildings,1958,,
UAA-1969-019-2615,https://archive.org/download/UAA-1969-019-2615/UAA-1969-019-2615.jpg,image/jpeg,University of Alberta Archives,1908,,,Public Domain,,Athletics,1908,53.5462,-113.4937
UAA-1969-019-262,https://archive.org/download/UAA-1969-019-262/UAA-1969-019-262.jpg,image/jpeg,"<a href=""https://www.library.ualberta.ca/archives"">University of Alberta Archives</a>
",1957,,,© Unknown,,Buildings; Library; Student Life,1957,,
UAA-1969-019-294,https://archive.org/download/UAA-1969-019-294/UAA-1969-019-294.jpg,image/jpeg,"<a href=""https://www.library.ualberta.ca/archives"">University of Alberta Archives</a>
",1957,,,© Unknown,,Buildings,1957,,
UAA-1969-019-308,https://archive.org/download/UAA-1969-019-308/UAA-1969-019-308.jpg,image/jpeg,"<a href=""https://www.library.ualberta.ca/archives"">University of Alberta Archives</a>
",1958,,,© Unknown,,Events; Student Life,1958,,
UAA-1969-019-400,https://archive.org/download/UAA-1969-019-400/UAA-1969-019-400.jpg,image/jpeg,"<a href=""https://www.library.ualberta.ca/archives"">University of Alberta Archives</a>
",1960,,,© Unknown,,Equipment,1960,,
UAA-1969-019-408,https://archive.org/download/UAA-1969-019-408/UAA-1969-019-408.jpg,image/jpeg,"<a href=""https://www.library.ualberta.ca/archives"">University of Alberta Archives</a>
",1950,,,© Unknown,,Health Sciences; Events; Women,1950,,
UAA-1969-020-020,https://archive.org/download/UAA-1969-020-020/UAA-1969-020-020.jpg,image/jpeg,"<a href=""https://www.library.ualberta.ca/archives"">University of Alberta Archives</a>
",1926,,,Public Domain,,Classroom; Health Sciences; Equipment,1926,,
UAA-1969-021-001,https://archive.org/download/UAA-1969-021-001/UAA-1969-021-001.jpg,image/jpeg,"<a href=""https://www.library.ualberta.ca/archives"">University of Alberta Archives</a>
",1917-04-05,,,Public Domain,,Events; Health Sciences,1917,,
UAA-1969-022-001,https://archive.org/download/UAA-1969-022-001/UAA-1969-022-001.jpg,image/jpeg,"<a href=""https://www.library.ualberta.ca/archives"">University of Alberta Archives</a>
",1969,,,"© University of Alberta Archives, Licensed under CC BY",,Student Government,1969,,
UAA-1969-027-005,https://archive.org/download/UAA-1969-027-005/UAA-1969-027-005.jpg,image/jpeg,"<a href=""https://www.library.ualberta.ca/archives"">University of Alberta Archives</a>
",1939-03-15,,,Public Domain,,Radio/Television; Student Life,1939,,
UAA-1969-027-006,https://archive.org/download/UAA-1969-027-006/UAA-1969-027-006.jpg,image/jpeg,"<a href=""https://www.library.ualberta.ca/archives"">University of Alberta Archives</a>
",1939-03-15,,,Public Domain,,Radio/Television; Student Life,1939,,
UAA-1969-027-007,https://archive.org/download/UAA-1969-027-007/UAA-1969-027-007.jpg,image/jpeg,"<a href=""https://www.library.ualberta.ca/archives"">University of Alberta Archives</a>
",1939-03-15,,,Public Domain,,Radio/Television; Student Life,1939,,
UAA-1969-027-010,https://archive.org/download/UAA-1969-027-010/UAA-1969-027-010.jpg,image/jpeg,"<a href=""https://www.library.ualberta.ca/archives"">University of Alberta Archives</a>
",1939-03-15,,,Public Domain,,Radio/Television; Student Life,1939,,
UAA-1969-032-004,https://archive.org/download/UAA-1969-032-004/UAA-1969-032-004.jpg,image/jpeg,"<a href=""https://www.library.ualberta.ca/archives"">University of Alberta Archives</a>
",1940,,,Public Domain,,Classroom; Women,1940,,
UAA-1969-095-048a,https://archive.org/download/UAA-1969-095-048a/UAA-1969-095-048a.jpg,image/jpeg,"<a href=""https://www.library.ualberta.ca/archives"">University of Alberta Archives</a>
",1934-03-01,,,Public Domain,,Classroom; Health Sciences,1934,,
UAA-1969-095-054,https://archive.org/download/UAA-1969-095-054/UAA-1969-095-054.jpg,image/jpeg,"<a href=""https://www.library.ualberta.ca/archives"">University of Alberta Archives</a>
",1934-03-01,,,Public Domain,,Athletics,1934,,
UAA-1969-095-057,https://archive.org/download/UAA-1969-095-057/UAA-1969-095-057.jpg,image/jpeg,"<a href=""https://www.library.ualberta.ca/archives"">University of Alberta Archives</a>
",1930,,,Public Domain,,Classroom; Women,1930,,
UAA-1969-095-098a,https://archive.org/download/UAA-1969-095-098a/UAA-1969-095-098a.jpg,image/jpeg,"<a href=""https://www.library.ualberta.ca/archives"">University of Alberta Archives</a>
",1935-11-22,,,Public Domain,,Student Life; Women,1935,,
UAA-1969-095-099a,https://archive.org/download/UAA-1969-095-099a/UAA-1969-095-099a.jpg,image/jpeg,"<a href=""https://www.library.ualberta.ca/archives"">University of Alberta Archives</a>
",1935-11-22,,,Public Domain,,Student Government; Buildings,1935,,
UAA-1969-095-112,https://archive.org/download/UAA-1969-095-112/UAA-1969-095-112.jpg,image/jpeg,"<a href=""https://www.library.ualberta.ca/archives"">University of Alberta Archives</a>
",1935-11-22,,,Public Domain,,Student Life; Buildings,1935,,
UAA-1969-095-150a,https://archive.org/download/UAA-1969-095-150a/UAA-1969-095-150a.jpg,image/jpeg,"<a href=""https://www.library.ualberta.ca/archives"">University of Alberta Archives</a>
",1937-09-01,,,Public Domain,,Athletics,1937,,
UAA-1969-095-151,https://archive.org/download/UAA-1969-095-151/UAA-1969-095-151.jpg,image/jpeg,"<a href=""https://www.library.ualberta.ca/archives"">University of Alberta Archives</a>
",1937-09-01,,,Public Domain,,Athletics,1937,,
UAA-1969-095-152,https://archive.org/download/UAA-1969-095-152/UAA-1969-095-152.jpg,image/jpeg,"<a href=""https://www.library.ualberta.ca/archives"">University of Alberta Archives</a>
",1937,,,Public Domain,,Convocation; Events; Women,1937,,
UAA-1969-095-153a,https://archive.org/download/UAA-1969-095-153a/UAA-1969-095-153a.jpg,image/jpeg,"<a href=""https://www.library.ualberta.ca/archives"">University of Alberta Archives</a>
",1937,,,Public Domain,,Convocation; Events; Women,1937,,
UAA-1969-095-157,https://archive.org/download/UAA-1969-095-157/UAA-1969-095-157.jpg,image/jpeg,"<a href=""https://www.library.ualberta.ca/archives"">University of Alberta Archives</a>
",1937,,,Public Domain,,Convocation; Events; President; Faculty/Staff,1937,,
UAA-1969-095-183a,https://archive.org/download/UAA-1969-095-183a/UAA-1969-095-183a.jpg,image/jpeg,"<a href=""https://www.library.ualberta.ca/archives"">University of Alberta Archives</a>
",1938-03-01,,,Public Domain,,Student Initiation; Student Life,1938,,
UAA-1969-095-196,https://archive.org/download/UAA-1969-095-196/UAA-1969-095-196.jpg,image/jpeg,"<a href=""https://www.library.ualberta.ca/archives"">University of Alberta Archives</a>
",1938,,,Public Domain,,Athletics,1938,,
UAA-1969-095-206,https://archive.org/download/UAA-1969-095-206/UAA-1969-095-206.jpg,image/jpeg,"<a href=""https://www.library.ualberta.ca/archives"">University of Alberta Archives</a>
",1938,,,Public Domain,,Student Initiation; Student Life,1938,,
UAA-1969-095-208a,https://archive.org/download/UAA-1969-095-208a/UAA-1969-095-208a.jpg,image/jpeg,"<a href=""https://www.library.ualberta.ca/archives"">University of Alberta Archives</a>
",1938,,,Public Domain,,Student Initiation; Student Life; Athletics,1938,,
UAA-1969-095-218,https://archive.org/download/UAA-1969-095-218/UAA-1969-095-218.jpg,image/jpeg,"<a href=""https://www.library.ualberta.ca/archives"">University of Alberta Archives</a>
",1938-10-01,,,Public Domain,,Athletics; Women,1938,,
UAA-1969-095-219a,https://archive.org/download/UAA-1969-095-219a/UAA-1969-095-219a.jpg,image/jpeg,"<a href=""https://www.library.ualberta.ca/archives"">University of Alberta Archives</a>
",1938-10-01,,,Public Domain,,Athletics,1938,,
UAA-1969-095-270,https://archive.org/download/UAA-1969-095-270/UAA-1969-095-270.jpg,image/jpeg,"<a href=""https://www.library.ualberta.ca/archives"">University of Alberta Archives</a>
",1937,,,Public Domain,,Athletics,1937,,
UAA-1969-095-271,https://archive.org/download/UAA-1969-095-271/UAA-1969-095-271.jpg,image/jpeg,"<a href=""https://www.library.ualberta.ca/archives"">University of Alberta Archives</a>
",1937,,,Public Domain,,Athletics,1937,,
UAA-1969-095-285,https://archive.org/download/UAA-1969-095-285/UAA-1969-095-285.jpg,image/jpeg,"<a href=""https://www.library.ualberta.ca/archives"">University of Alberta Archives</a>
",1940,,,Public Domain,,Buildings,1940,,
UAA-1969-095-293,https://archive.org/download/UAA-1969-095-293/UAA-1969-095-293.jpg,image/jpeg,"<a href=""https://www.library.ualberta.ca/archives"">University of Alberta Archives</a>
",1930,,,Public Domain,,Agriculture; Buildings,1930,,
UAA-1969-095-299,https://archive.org/download/UAA-1969-095-299/UAA-1969-095-299.jpg,image/jpeg,"<a href=""https://www.library.ualberta.ca/archives"">University of Alberta Archives</a>
",1930,,,Public Domain,,Athletics; Buildings,1930,,
UAA-1969-097-001,https://archive.org/download/UAA-1969-097-001/UAA-1969-097-001.jpg,image/jpeg,"<a href=""https://www.library.ualberta.ca/archives"">University of Alberta Archives</a>
",1924,,,Public Domain,,Buildings; Vehicles,1924,,
UAA-1969-097-016,https://archive.org/download/UAA-1969-097-016/UAA-1969-097-016.jpg,image/jpeg,"<a href=""https://www.library.ualberta.ca/archives"">University of Alberta Archives</a>
",1927,,,Public Domain,,Agriculture; Buildings; Student Life; Women,1927,,
UAA-1969-097-019b,https://archive.org/download/UAA-1969-097-019b/UAA-1969-097-019b.jpg,image/jpeg,"<a href=""https://www.library.ualberta.ca/archives"">University of Alberta Archives</a>
",1927,,,Public Domain,,Buildings,1927,,
UAA-1969-097-026,https://archive.org/download/UAA-1969-097-026/UAA-1969-097-026.jpg,image/jpeg,"<a href=""https://www.library.ualberta.ca/archives"">University of Alberta Archives</a>
",1928-03-01,,,Public Domain,,Radio/Television; Women,1928,,
UAA-1969-097-050b,https://archive.org/download/UAA-1969-097-050b/UAA-1969-097-050b.jpg,image/jpeg,"<a href=""https://www.library.ualberta.ca/archives"">University of Alberta Archives</a>
",1929-04-01,,,Public Domain,,Radio/Television,1929,,
UAA-1969-097-054b,https://archive.org/download/UAA-1969-097-054b/UAA-1969-097-054b.jpg,image/jpeg,"<a href=""https://www.library.ualberta.ca/archives"">University of Alberta Archives</a>
",1929-04-01,,,Public Domain,,Radio/Television; Women,1929,,
UAA-1969-097-057,https://archive.org/download/UAA-1969-097-057/UAA-1969-097-057.jpg,image/jpeg,"<a href=""https://www.library.ualberta.ca/archives"">University of Alberta Archives</a>
",1929-07-01,,,Public Domain,,Women,1929,,
UAA-1969-097-064,https://archive.org/download/UAA-1969-097-064/UAA-1969-097-064.jpg,image/jpeg,"<a href=""https://www.library.ualberta.ca/archives"">University of Alberta Archives</a>
",1930-02-01,,,Public Domain,,Student Life; Women,1930,,
UAA-1969-097-073,https://archive.org/download/UAA-1969-097-073/UAA-1969-097-073.jpg,image/jpeg,"<a href=""https://www.library.ualberta.ca/archives"">University of Alberta Archives</a>
",1930-06-01,,,Public Domain,,Agriculture; Student Life; Women,1930,,
UAA-1969-097-119,https://archive.org/download/UAA-1969-097-119/UAA-1969-097-119.jpg,image/jpeg,"<a href=""https://www.library.ualberta.ca/archives"">University of Alberta Archives</a>
",1932-05-01,,,Public Domain,,Arts/Fine Arts; Women,1932,,
UAA-1969-097-120,https://archive.org/download/UAA-1969-097-120/UAA-1969-097-120.jpg,image/jpeg,"<a href=""https://www.library.ualberta.ca/archives"">University of Alberta Archives</a>
",1932-05-01,,,Public Domain,,Student Life,1932,,
UAA-1969-097-141b,https://archive.org/download/UAA-1969-097-141b/UAA-1969-097-141b.jpg,image/jpeg,"<a href=""https://www.library.ualberta.ca/archives"">University of Alberta Archives</a>
",1933-04-01,,,Public Domain,,Faculty/Staff; Women,1933,,
UAA-1969-097-200c,https://archive.org/download/UAA-1969-097-200c/UAA-1969-097-200c.jpg,image/jpeg,"<a href=""https://www.library.ualberta.ca/archives"">University of Alberta Archives</a>
",1937-08-01,,,Public Domain,,Arts/Fine Arts; Women,1937,,
UAA-1969-097-202a,https://archive.org/download/UAA-1969-097-202a/UAA-1969-097-202a.jpg,image/jpeg,"<a href=""https://www.library.ualberta.ca/archives"">University of Alberta Archives</a>
",1937,,,Public Domain,,Faculty/Staff; Women,1937,,
UAA-1969-097-210a,https://archive.org/download/UAA-1969-097-210a/UAA-1969-097-210a.jpg,image/jpeg,"<a href=""https://www.library.ualberta.ca/archives"">University of Alberta Archives</a>
",1938,,,Public Domain,,Buildings; Residences; President,1938,,
UAA-1969-097-211a,https://archive.org/download/UAA-1969-097-211a/UAA-1969-097-211a.jpg,image/jpeg,"<a href=""https://www.library.ualberta.ca/archives"">University of Alberta Archives</a>
",1939-08-01,,,Public Domain,,Buildings; Arts/Fine Arts,1939,,
UAA-1969-097-212a,https://archive.org/download/UAA-1969-097-212a/UAA-1969-097-212a.jpg,image/jpeg,"<a href=""https://www.library.ualberta.ca/archives"">University of Alberta Archives</a>
",1938,,,Public Domain,,Sciences/Engineering; Equipment; Classroom,1938,,
UAA-1969-097-226,https://archive.org/download/UAA-1969-097-226/UAA-1969-097-226.jpg,image/jpeg,"<a href=""https://www.library.ualberta.ca/archives"">University of Alberta Archives</a>
",1941-03-01,,,Public Domain,,Class Photos; Faculty/Staff,1941,,
UAA-1969-097-233a,https://archive.org/download/UAA-1969-097-233a/UAA-1969-097-233a.jpg,image/jpeg,"<a href=""https://www.library.ualberta.ca/archives"">University of Alberta Archives</a>
",1942-04-01,,,Public Domain,,Sciences/Engineering; Faculty/Staff; Class Photos,1942,,
UAA-1969-097-243b,https://archive.org/download/UAA-1969-097-243b/UAA-1969-097-243b.jpg,image/jpeg,"<a href=""https://www.library.ualberta.ca/archives"">University of Alberta Archives</a>
",1944,,,Public Domain,,Sciences/Engineering; Classroom,1944,,
UAA-1969-097-245,https://archive.org/download/UAA-1969-097-245/UAA-1969-097-245.jpg,image/jpeg,"<a href=""https://www.library.ualberta.ca/archives"">University of Alberta Archives</a>
",1944,,,Public Domain,,Class Photos; Women,1944,,
UAA-1969-097-246,https://archive.org/download/UAA-1969-097-246/UAA-1969-097-246.jpg,image/jpeg,"<a href=""https://www.library.ualberta.ca/archives"">University of Alberta Archives</a>
",1944,,,Public Domain,,Buildings,1944,,
UAA-1969-097-251,https://archive.org/download/UAA-1969-097-251/UAA-1969-097-251.jpg,image/jpeg,"<a href=""https://www.library.ualberta.ca/archives"">University of Alberta Archives</a>
",1944,,,Public Domain,,Military,1944,,
UAA-1969-097-258-3,https://archive.org/download/UAA-1969-097-258-3/UAA-1969-097-258-3.jpg,image/jpeg,"<a href=""https://www.library.ualberta.ca/archives"">University of Alberta Archives</a>
",1945,,,Public Domain,,Agriculture; Animals,1945,,
UAA-1969-097-263,https://archive.org/download/UAA-1969-097-263/UAA-1969-097-263.jpg,image/jpeg,"<a href=""https://www.library.ualberta.ca/archives"">University of Alberta Archives</a>
",1945,,,Public Domain,,Buildings; Education,1945,,
UAA-1969-097-273,https://archive.org/download/UAA-1969-097-273/UAA-1969-097-273.jpg,image/jpeg,"<a href=""https://www.library.ualberta.ca/archives"">University of Alberta Archives</a>
",1946-04-01,,,Public Domain,,Student Life; Buildings,1946,,
UAA-1969-097-273b,https://archive.org/download/UAA-1969-097-273b/UAA-1969-097-273b.jpg,image/jpeg,"<a href=""https://www.library.ualberta.ca/archives"">University of Alberta Archives</a>
",1946-04-01,,,Public Domain,,Student Life; Buildings,1946,,
UAA-1969-097-273c,https://archive.org/download/UAA-1969-097-273c/UAA-1969-097-273c.jpg,image/jpeg,"<a href=""https://www.library.ualberta.ca/archives"">University of Alberta Archives</a>
",1946-04-01,,,Public Domain,,Student Life; Buildings,1946,,
UAA-1969-097-273d,https://archive.org/download/UAA-1969-097-273d/UAA-1969-097-273d.jpg,image/jpeg,"<a href=""https://www.library.ualberta.ca/archives"">University of Alberta Archives</a>
",1946-04-01,,,Public Domain,,Student Life; Buildings,1946,,
UAA-1969-097-278c,https://archive.org/download/UAA-1969-097-278c/UAA-1969-097-278c.jpg,image/jpeg,"<a href=""https://www.library.ualberta.ca/archives"">University of Alberta Archives</a>
",1946,,,Public Domain,,Buildings,1946,,
UAA-1969-097-279c,https://archive.org/download/UAA-1969-097-279c/UAA-1969-097-279c.jpg,image/jpeg,"<a href=""https://www.library.ualberta.ca/archives"">University of Alberta Archives</a>
",1946,,,Public Domain,,Library; Faculty/Staff; Women,1946,,
UAA-1969-097-284b,https://archive.org/download/UAA-1969-097-284b/UAA-1969-097-284b.jpg,image/jpeg,"<a href=""https://www.library.ualberta.ca/archives"">University of Alberta Archives</a>
",1948,,,Public Domain,,Buildings; Student Life,1948,,
UAA-1969-097-347,https://archive.org/download/UAA-1969-097-347/UAA-1969-097-347.jpg,image/jpeg,"<a href=""https://www.library.ualberta.ca/archives"">University of Alberta Archives</a>
",1922,,,Public Domain,,Buildings,1922,43.6532,-79.3832
UAA-1969-132-001,https://archive.org/download/UAA-1969-132-001/UAA-1969-132-001.jpg,image/jpeg,"<a href=""https://www.library.ualberta.ca/archives"">University of Alberta Archives</a>
",1909,,,Public Domain,,Student Government; President; Women,1909,53.5467,-113.4937
UAA-1969-153-004,https://archive.org/download/UAA-1969-153-004/UAA-1969-153-004.jpg,image/jpeg,"<a href=""https://www.library.ualberta.ca/archives"">University of Alberta Archives</a>
",1908,,,Public Domain,,President,1908,53.5463,-113.4937
UAA-1969-153-005,https://archive.org/download/UAA-1969-153-005/UAA-1969-153-005.jpg,image/jpeg,"<a href=""https://www.library.ualberta.ca/archives"">University of Alberta Archives</a>
",1908,,,Public Domain,,President,1908,53.5464,-113.4937
UAA-1969-153-010,https://archive.org/download/UAA-1969-153-010/UAA-1969-153-010.jpg,image/jpeg,"<a href=""https://www.library.ualberta.ca/archives"">University of Alberta Archives</a>
",1910,,,Public Domain,,Military; Parades; President,1910,43.6532,-79.3832
UAA-1969-153-012,https://archive.org/download/UAA-1969-153-012/UAA-1969-153-012.jpg,image/jpeg,"<a href=""https://www.library.ualberta.ca/archives"">University of Alberta Archives</a>
",1924,,,Public Domain,,Buildings,1924,,
UAA-1969-153-013,https://archive.org/download/UAA-1969-153-013/UAA-1969-153-013.jpg,image/jpeg,"<a href=""https://www.library.ualberta.ca/archives"">University of Alberta Archives</a>
",1908,,,Public Domain,,Buildings,1908,53.5465,-113.4937
UAA-1972-056-042,https://archive.org/download/UAA-1972-056-042/UAA-1972-056-042.jpg,image/jpeg,"<a href=""https://www.library.ualberta.ca/archives"">University of Alberta Archives</a>
",1924,,,Public Domain,,Student Life; Women,1924,,
UAA-1972-056-044,https://archive.org/download/UAA-1972-056-044/UAA-1972-056-044.jpg,image/jpeg,,1923,,,Public Domain,,Athletics; Women,1923,,
UAA-1972-058-005,https://archive.org/download/UAA-1972-058-005/UAA-1972-058-005.jpg,image/jpeg,,1939-02-01,,,Public Domain,,Events; Student Life,1939,,
UAA-1972-058-009,https://archive.org/download/UAA-1972-058-009/UAA-1972-058-009.jpg,image/jpeg,,1939-10-01,,,Public Domain,,Athletics,1939,,
UAA-1972-058-012,https://archive.org/download/UAA-1972-058-012/UAA-1972-058-012.jpg,image/jpeg,,1939-10-01,,,Public Domain,,Athletics,1939,,
UAA-1972-058-027,https://archive.org/download/UAA-1972-058-027/UAA-1972-058-027.jpg,image/jpeg,,1939-10-01,,,Public Domain,,Athletics,1939,,
UAA-1972-058-031,https://archive.org/download/UAA-1972-058-031/UAA-1972-058-031.jpg,image/jpeg,,1939-10-01,,,Public Domain,,Athletics,1939,,
UAA-1972-058-052,https://archive.org/download/UAA-1972-058-052/UAA-1972-058-052.jpg,image/jpeg,,1939-10-01,,,Public Domain,,Athletics,1939,,
UAA-1972-058-055,https://archive.org/download/UAA-1972-058-055/UAA-1972-058-055.jpg,image/jpeg,,1939-10-01,,,Public Domain,,Student Life; Women,1939,,
UAA-1972-058-057,https://archive.org/download/UAA-1972-058-057/UAA-1972-058-057.jpg,image/jpeg,,1939-10-01,,,Public Domain,,Student Life; Residences,1939,,
UAA-1972-058-061,https://archive.org/download/UAA-1972-058-061/UAA-1972-058-061.jpg,image/jpeg,,1939-10-01,,,Public Domain,,Student Life; Residences,1939,,
UAA-1972-058-062,https://archive.org/download/UAA-1972-058-062/UAA-1972-058-062.jpg,image/jpeg,,1939-10-01,,,Public Domain,,Health Sciences; Women; Hospital,1939,,
UAA-1972-058-066,https://archive.org/download/UAA-1972-058-066/UAA-1972-058-066.jpg,image/jpeg,,1939-10-01,,,Public Domain,,Parades; Student Life; Vehicles,1939,,
UAA-1972-058-067,https://archive.org/download/UAA-1972-058-067/UAA-1972-058-067.jpg,image/jpeg,,1939-10-01,,,Public Domain,,Parades; Student Life; Vehicles,1939,,
UAA-1972-058-070,https://archive.org/download/UAA-1972-058-070/UAA-1972-058-070.jpg,image/jpeg,,1939-10-01,,,Public Domain,,Parades; Student Life; Vehicles,1939,,
UAA-1972-058-086,https://archive.org/download/UAA-1972-058-086/UAA-1972-058-086.jpg,image/jpeg,,1939-10-01,,,Public Domain,,Athletics,1939,,
UAA-1972-058-096,https://archive.org/download/UAA-1972-058-096/UAA-1972-058-096.jpg,image/jpeg,,1939-11-01,,,Public Domain,,Athletics,1939,,
UAA-1972-058-1105,https://archive.org/download/UAA-1972-058-1105/UAA-1972-058-1105.jpg,image/jpeg,,1947-09-01,,,Public Domain,,Athletics; Student Life,1947,,
UAA-1972-058-126,https://archive.org/download/UAA-1972-058-126/UAA-1972-058-126.jpg,image/jpeg,,1940,,,Public Domain,,Events; Student Life,1940,,
UAA-1972-058-1306,https://archive.org/download/UAA-1972-058-1306/UAA-1972-058-1306.jpg,image/jpeg,,1931-02-01,,,Public Domain,,Class Photos,1931,,
UAA-1972-058-136,https://archive.org/download/UAA-1972-058-136/UAA-1972-058-136.jpg,image/jpeg,,1940-01-23,,,Public Domain,,Events; Student Life,1940,,
UAA-1972-058-1417,https://archive.org/download/UAA-1972-058-1417/UAA-1972-058-1417.jpg,image/jpeg,,1940-02-01,,,Public Domain,,Student Life; Clubs/Fraternities,1940,,
UAA-1972-058-1449,https://archive.org/download/UAA-1972-058-1449/UAA-1972-058-1449.jpg,image/jpeg,,1940-03-01,,,Public Domain,,Education; Classroom,1940,,
UAA-1972-058-1458,https://archive.org/download/UAA-1972-058-1458/UAA-1972-058-1458.jpg,image/jpeg,,1940-04-01,,,Public Domain,,Class Photos; Education,1940,,
UAA-1972-058-1465,https://archive.org/download/UAA-1972-058-1465/UAA-1972-058-1465.jpg,image/jpeg,,1940-04-01,,,Public Domain,,Clubs/Fraternities; Class Photos,1940,,
UAA-1972-058-153,https://archive.org/download/UAA-1972-058-153/UAA-1972-058-153.jpg,image/jpeg,,1940-02-01,,,Public Domain,,Athletics; Faculty/Staff,1940,,
UAA-1972-058-156,https://archive.org/download/UAA-1972-058-156/UAA-1972-058-156.jpg,image/jpeg,,1940-02-01,,,Public Domain,,Athletics; Faculty/Staff,1940,,
UAA-1972-058-1590,https://archive.org/download/UAA-1972-058-1590/UAA-1972-058-1590.jpg,image/jpeg,,1941,,,Public Domain,,Buildings,1941,,
UAA-1972-058-1591,https://archive.org/download/UAA-1972-058-1591/UAA-1972-058-1591.jpg,image/jpeg,,1941-04-01,,,Public Domain,,Buildings,1941,,
UAA-1972-058-1594,https://archive.org/download/UAA-1972-058-1594/UAA-1972-058-1594.jpg,image/jpeg,,1941-04-01,,,Public Domain,,Buildings,1941,,
UAA-1972-058-1595,https://archive.org/download/UAA-1972-058-1595/UAA-1972-058-1595.jpg,image/jpeg,,1941-04-01,,,Public Domain,,Buildings,1941,,
UAA-1972-058-1596,https://archive.org/download/UAA-1972-058-1596/UAA-1972-058-1596.jpg,image/jpeg,,1941-04-01,,,Public Domain,,Buildings,1941,,
UAA-1972-058-1598,https://archive.org/download/UAA-1972-058-1598/UAA-1972-058-1598.jpg,image/jpeg,,1941-04-01,,,Public Domain,,Buildings,1941,,
UAA-1972-058-1606,https://archive.org/download/UAA-1972-058-1606/UAA-1972-058-1606.jpg,image/jpeg,,1941-04-01,,,Public Domain,,Buildings; Vehicles,1941,,
UAA-1972-058-1609,https://archive.org/download/UAA-1972-058-1609/UAA-1972-058-1609.jpg,image/jpeg,,1941-04-01,,,Public Domain,,Buildings,1941,,
UAA-1972-058-1621,https://archive.org/download/UAA-1972-058-1621/UAA-1972-058-1621.jpg,image/jpeg,,1941-04-01,,,Public Domain,,Buildings; Residences,1941,,
UAA-1972-058-1623,https://archive.org/download/UAA-1972-058-1623/UAA-1972-058-1623.jpg,image/jpeg,,1941-04-01,,,Public Domain,,Buildings; Residences,1941,,
UAA-1972-058-1632,https://archive.org/download/UAA-1972-058-1632/UAA-1972-058-1632.jpg,image/jpeg,,1941-04-01,,,Public Domain,,Buildings; Residences,1941,,
UAA-1972-058-1637,https://archive.org/download/UAA-1972-058-1637/UAA-1972-058-1637.jpg,image/jpeg,,1941-04-01,,,Public Domain,,Buildings,1941,,
UAA-1972-058-1650,https://archive.org/download/UAA-1972-058-1650/UAA-1972-058-1650.jpg,image/jpeg,,1941-04-01,,,Public Domain,,Buildings; Residences,1941,,
UAA-1972-058-1665,https://archive.org/download/UAA-1972-058-1665/UAA-1972-058-1665.jpg,image/jpeg,,1941-04-01,,,Public Domain,,Buildings,1941,,
UAA-1972-058-1668,https://archive.org/download/UAA-1972-058-1668/UAA-1972-058-1668.jpg,image/jpeg,,1941-04-01,,,Public Domain,,Buildings; Residences; Quad,1941,,
UAA-1972-058-1675,https://archive.org/download/UAA-1972-058-1675/UAA-1972-058-1675.jpg,image/jpeg,,1941-04-01,,,Public Domain,,Buildings; Vehicles,1941,,
UAA-1972-058-1679,https://archive.org/download/UAA-1972-058-1679/UAA-1972-058-1679.jpg,image/jpeg,,1941,,,Public Domain,,Buildings; Residences,1941,,
UAA-1972-058-1686,https://archive.org/download/UAA-1972-058-1686/UAA-1972-058-1686.jpg,image/jpeg,,1941-04-01,,,Public Domain,,Buildings; Residences,1941,,
UAA-1972-058-1687,https://archive.org/download/UAA-1972-058-1687/UAA-1972-058-1687.jpg,image/jpeg,,1941-04-01,,,Public Domain,,Buildings,1941,,
UAA-1972-058-1740,https://archive.org/download/UAA-1972-058-1740/UAA-1972-058-1740.jpg,image/jpeg,,1942,,,Public Domain,,Events; Arts/Fine Arts,1942,,
UAA-1972-058-175,https://archive.org/download/UAA-1972-058-175/UAA-1972-058-175.jpg,image/jpeg,,1940-02-01,,,Public Domain,,Athletics,1940,,
UAA-1972-058-1755,https://archive.org/download/UAA-1972-058-1755/UAA-1972-058-1755.jpg,image/jpeg,,1941-10-01,,,Public Domain,,Buildings; Radio/Television; Vehicles,1941,,
UAA-1972-058-176,https://archive.org/download/UAA-1972-058-176/UAA-1972-058-176.jpg,image/jpeg,,1940-02-01,,,Public Domain,,Athletics,1940,,
UAA-1972-058-2115,https://archive.org/download/UAA-1972-058-2115/UAA-1972-058-2115.jpg,image/jpeg,,1948,,,Public Domain,,Buildings,1948,,
UAA-1972-058-230,https://archive.org/download/UAA-1972-058-230/UAA-1972-058-230.jpg,image/jpeg,,1940-03-01,,,Public Domain,,Student Initiation; Student Life,1940,,
UAA-1972-058-246,https://archive.org/download/UAA-1972-058-246/UAA-1972-058-246.jpg,image/jpeg,,1940-10-01,,,Public Domain,,Athletics,1940,,
UAA-1972-058-256,https://archive.org/download/UAA-1972-058-256/UAA-1972-058-256.jpg,image/jpeg,,1940-10-01,,,Public Domain,,Athletics,1940,,
UAA-1972-058-257,https://archive.org/download/UAA-1972-058-257/UAA-1972-058-257.jpg,image/jpeg,,1940-10-01,,,Public Domain,,Athletics,1940,,
UAA-1972-058-291,https://archive.org/download/UAA-1972-058-291/UAA-1972-058-291.jpg,image/jpeg,,1940-10-01,,,Public Domain,,Athletics,1940,,
UAA-1972-058-292,https://archive.org/download/UAA-1972-058-292/UAA-1972-058-292.jpg,image/jpeg,,1940-10-01,,,Public Domain,,Buildings,1940,,
UAA-1972-058-294,https://archive.org/download/UAA-1972-058-294/UAA-1972-058-294.jpg,image/jpeg,,1940-10-01,,,Public Domain,,Student Life,1940,,
UAA-1972-058-302,https://archive.org/download/UAA-1972-058-302/UAA-1972-058-302.jpg,image/jpeg,,1940-10-01,,,Public Domain,,Student Life,1940,,
UAA-1972-058-320,https://archive.org/download/UAA-1972-058-320/UAA-1972-058-320.jpg,image/jpeg,,1940-10-12,,,Public Domain,,Parades; Student Life; Vehicles,1940,,
UAA-1972-058-321,https://archive.org/download/UAA-1972-058-321/UAA-1972-058-321.jpg,image/jpeg,,1940-10-12,,,Public Domain,,Parades; Student Life; Vehicles,1940,,
UAA-1972-058-323,https://archive.org/download/UAA-1972-058-323/UAA-1972-058-323.jpg,image/jpeg,,1940-10-12,,,Public Domain,,Parades; Student Life; Vehicles,1940,,
UAA-1972-058-336,https://archive.org/download/UAA-1972-058-336/UAA-1972-058-336.jpg,image/jpeg,,1940-12-01,,,Public Domain,,Events; Student Life,1940,,
UAA-1972-058-343,https://archive.org/download/UAA-1972-058-343/UAA-1972-058-343.jpg,image/jpeg,,1940-12-01,,,Public Domain,,Events; Student Life,1940,,
UAA-1972-058-414,https://archive.org/download/UAA-1972-058-414/UAA-1972-058-414.jpg,image/jpeg,,1941-03-01,,,Public Domain,,Military,1941,,
UAA-1972-058-420,https://archive.org/download/UAA-1972-058-420/UAA-1972-058-420.jpg,image/jpeg,,1941-03-01,,,Public Domain,,Student Life,1941,,
UAA-1972-058-433,https://archive.org/download/UAA-1972-058-433/UAA-1972-058-433.jpg,image/jpeg,,1941-03-01,,,Public Domain,,Faculty/Staff; Vehicles,1941,,
UAA-1972-058-438,https://archive.org/download/UAA-1972-058-438/UAA-1972-058-438.jpg,image/jpeg,,1941-03-01,,,Public Domain,,Faculty/Staff; Equipment,1941,,
UAA-1972-058-499,https://archive.org/download/UAA-1972-058-499/UAA-1972-058-499.jpg,image/jpeg,,1940,,,Public Domain,,Military; Parades,1940,,
UAA-1972-058-571,https://archive.org/download/UAA-1972-058-571/UAA-1972-058-571.jpg,image/jpeg,,1941-10-01,,,Public Domain,,Athletics; Women,1941,,
UAA-1972-058-573,https://archive.org/download/UAA-1972-058-573/UAA-1972-058-573.jpg,image/jpeg,,1941-10-01,,,Public Domain,,Military; Women,1941,,
UAA-1972-058-577,https://archive.org/download/UAA-1972-058-577/UAA-1972-058-577.jpg,image/jpeg,,1941-10-01,,,Public Domain,,Military; Women,1941,,
UAA-1972-058-578,https://archive.org/download/UAA-1972-058-578/UAA-1972-058-578.jpg,image/jpeg,,1941-10-01,,,Public Domain,,Military; Women,1941,,
UAA-1972-058-579,https://archive.org/download/UAA-1972-058-579/UAA-1972-058-579.jpg,image/jpeg,,1941-10-04,,,Public Domain,,Athletics; Faculty/Staff,1941,,
UAA-1972-058-614,https://archive.org/download/UAA-1972-058-614/UAA-1972-058-614.jpg,image/jpeg,,1941-11-25,,,Public Domain,,Military,1941,,
UAA-1972-058-615,https://archive.org/download/UAA-1972-058-615/UAA-1972-058-615.jpg,image/jpeg,,1941-11-25,,,Public Domain,,Military,1941,,
UAA-1972-058-685,https://archive.org/download/UAA-1972-058-685/UAA-1972-058-685.jpg,image/jpeg,,1942-02-01,,,Public Domain,,Clubs/Fraternities; Student Life,1942,,
UAA-1972-058-689,https://archive.org/download/UAA-1972-058-689/UAA-1972-058-689.jpg,image/jpeg,,1942-02-01,,,Public Domain,,Events; Student Life,1942,,
UAA-1972-058-697,https://archive.org/download/UAA-1972-058-697/UAA-1972-058-697.jpg,image/jpeg,,1942-02-01,,,Public Domain,,Events; Student Life,1942,,
UAA-1972-058-713,https://archive.org/download/UAA-1972-058-713/UAA-1972-058-713.jpg,image/jpeg,,1942-02-01,,,Public Domain,,Military,1942,,
UAA-1972-058-723,https://archive.org/download/UAA-1972-058-723/UAA-1972-058-723.jpg,image/jpeg,,1942,,,Public Domain,,Athletics,1942,,
UAA-1972-058-758,https://archive.org/download/UAA-1972-058-758/UAA-1972-058-758.jpg,image/jpeg,,1942-02-01,,,Public Domain,,Athletics; Student Life,1942,,
UAA-1972-058-766,https://archive.org/download/UAA-1972-058-766/UAA-1972-058-766.jpg,image/jpeg,,1942-02-01,,,Public Domain,,Athletics; Women,1942,,
UAA-1972-058-767,https://archive.org/download/UAA-1972-058-767/UAA-1972-058-767.jpg,image/jpeg,,1942-02-01,,,Public Domain,,Athletics,1942,,
UAA-1972-058-768,https://archive.org/download/UAA-1972-058-768/UAA-1972-058-768.jpg,image/jpeg,,1942-02-01,,,Public Domain,,Athletics,1942,,
UAA-1972-058-771,https://archive.org/download/UAA-1972-058-771/UAA-1972-058-771.jpg,image/jpeg,,1942-03-01,,,Public Domain,,President; Faculty/Staff,1942,,
UAA-1972-058-772,https://archive.org/download/UAA-1972-058-772/UAA-1972-058-772.jpg,image/jpeg,,1942-03-01,,,Public Domain,,President; Faculty/Staff,1942,,
UAA-1972-058-773,https://archive.org/download/UAA-1972-058-773/UAA-1972-058-773.jpg,image/jpeg,,1942-03-01,,,Public Domain,,President; Faculty/Staff,1942,,
UAA-1972-058-775,https://archive.org/download/UAA-1972-058-775/UAA-1972-058-775.jpg,image/jpeg,,1942-03-01,,,Public Domain,,President; Faculty/Staff,1942,,
UAA-1972-058-777,https://archive.org/download/UAA-1972-058-777/UAA-1972-058-777.jpg,image/jpeg,,1942-02-01,,,Public Domain,,Clubs/Fraternities; Student Life; Animals,1942,,
UAA-1972-058-781,https://archive.org/download/UAA-1972-058-781/UAA-1972-058-781.jpg,image/jpeg,,1942-03-01,,,Public Domain,,Athletics,1942,,
UAA-1972-058-803,https://archive.org/download/UAA-1972-058-803/UAA-1972-058-803.jpg,image/jpeg,,1942-10-01,,,Public Domain,,Events; Student Life; Clubs/Fraternities,1942,,
UAA-1972-058-819,https://archive.org/download/UAA-1972-058-819/UAA-1972-058-819.jpg,image/jpeg,,1942-07-01,,,Public Domain,,Military; Equipment,1942,,
UAA-1972-058-825,https://archive.org/download/UAA-1972-058-825/UAA-1972-058-825.jpg,image/jpeg,,1942-09-01,,,Public Domain,,Student Initiation; Student Life,1942,,
UAA-1972-058-826,https://archive.org/download/UAA-1972-058-826/UAA-1972-058-826.jpg,image/jpeg,,1942-09-01,,,Public Domain,,Student Life,1942,,
UAA-1972-058-827,https://archive.org/download/UAA-1972-058-827/UAA-1972-058-827.jpg,image/jpeg,,1942-09-01,,,Public Domain,,Student Life,1942,,
UAA-1972-058-830,https://archive.org/download/UAA-1972-058-830/UAA-1972-058-830.jpg,image/jpeg,,1942-09-01,,,Public Domain,,Student Life,1942,,
UAA-1972-058-832,https://archive.org/download/UAA-1972-058-832/UAA-1972-058-832.jpg,image/jpeg,,1942-09-01,,,Public Domain,,Student Life; Buildings,1942,,
UAA-1972-058-843,https://archive.org/download/UAA-1972-058-843/UAA-1972-058-843.jpg,image/jpeg,,1942-12-01,,,Public Domain,,Athletics,1942,,
UAA-1972-058-849,https://archive.org/download/UAA-1972-058-849/UAA-1972-058-849.jpg,image/jpeg,,1942-12-01,,,Public Domain,,Buildings,1942,,
UAA-1972-058-852,https://archive.org/download/UAA-1972-058-852/UAA-1972-058-852.jpg,image/jpeg,,1943,,,Public Domain,,President; Faculty/Staff,1943,,
UAA-1972-058-867,https://archive.org/download/UAA-1972-058-867/UAA-1972-058-867.jpg,image/jpeg,,1943,,,Public Domain,,Events; Student Life,1943,,
UAA-1972-058-897,https://archive.org/download/UAA-1972-058-897/UAA-1972-058-897.jpg,image/jpeg,,1943-02-01,,,Public Domain,,Events; Student Life; Arts/Fine Arts,1943,,
UAA-1972-058-946,https://archive.org/download/UAA-1972-058-946/UAA-1972-058-946.jpg,image/jpeg,,1943-03-01,,,Public Domain,,Athletics,1943,,
UAA-1972-058-961,https://archive.org/download/UAA-1972-058-961/UAA-1972-058-961.jpg,image/jpeg,,1943-03-01,,,Public Domain,,Military,1943,,
UAA-1972-058-974,https://archive.org/download/UAA-1972-058-974/UAA-1972-058-974.jpg,image/jpeg,,1943-04-01,,,Public Domain,,Equipment,1943,,
UAA-1972-062-001,https://archive.org/download/UAA-1972-062-001/UAA-1972-062-001.jpg,image/jpeg,,1930,,,Public Domain,,Buildings,1930,,
UAA-1972-062-008-001,https://archive.org/download/UAA-1972-062-008-001/UAA-1972-062-008-001.jpg,image/jpeg,,1930,,,Public Domain,,Classroom; Equipment; Health Sciences; Women,1930,,
UAA-1972-078-002,https://archive.org/download/UAA-1972-078-002/UAA-1972-078-002.jpg,image/jpeg,,1920,,,Public Domain,,Chancellor,1920,45.5019,-73.5674
UAA-1972-078-003,https://archive.org/download/UAA-1972-078-003/UAA-1972-078-003.jpg,image/jpeg,,1920,,,Public Domain,,Chancellor,1920,45.5019,-73.5674
UAA-1972-108-197,https://archive.org/download/UAA-1972-108-197/UAA-1972-108-197.jpg,image/jpeg,,1960,,,"© University of Alberta Archives, Licensed under CC BY",,Faculty/Staff,1960,,
UAA-1972-108-200,https://archive.org/download/UAA-1972-108-200/UAA-1972-108-200.jpg,image/jpeg,,1959,,,"© University of Alberta Archives, Licensed under CC BY",,Faculty/Staff; Events,1959,,
UAA-1972-108-200-001,https://archive.org/download/UAA-1972-108-200-001/UAA-1972-108-200-001.jpg,image/jpeg,,1959,,,"© University of Alberta Archives, Licensed under CC BY",,Faculty/Staff; Student Life,1959,,
UAA-1972-108-203,https://archive.org/download/UAA-1972-108-203/UAA-1972-108-203.jpg,image/jpeg,,1960,,,"© University of Alberta Archives, Licensed under CC BY",,Faculty/Staff,1960,,
UAA-1972-108-355,https://archive.org/download/UAA-1972-108-355/UAA-1972-108-355.jpg,image/jpeg,,1960,,,"© University of Alberta Archives, Licensed under CC BY",,Alumni,1960,,
UAA-1972-108-461,https://archive.org/download/UAA-1972-108-461/UAA-1972-108-461.jpg,image/jpeg,,1967,,,"© University of Alberta Archives, Licensed under CC BY",,Convocation,1967,,
UAA-1972-108-650,https://archive.org/download/UAA-1972-108-650/UAA-1972-108-650.jpg,image/jpeg,,1970,,,"© University of Alberta Archives, Licensed under CC BY",,Buildings; Residences,1970,,
UAA-1972-108-652,https://archive.org/download/UAA-1972-108-652/UAA-1972-108-652.jpg,image/jpeg,,1970,,,"© University of Alberta Archives, Licensed under CC BY",,Library; Buildings; Student Life,1970,,
UAA-1972-108-662,https://archive.org/download/UAA-1972-108-662/UAA-1972-108-662.jpg,image/jpeg,,1970,,,"© University of Alberta Archives, Licensed under CC BY",,Buildings,1970,,
UAA-1972-108-662-004,https://archive.org/download/UAA-1972-108-662-004/UAA-1972-108-662-004.jpg,image/jpeg,,1970,,,"© University of Alberta Archives, Licensed under CC BY",,Student Life,1970,,
UAA-1973-018-003ab,https://archive.org/download/UAA-1973-018-003ab/UAA-1973-018-003ab.jpg,image/jpeg,,1920,,,Public Domain,,Student Life; Agriculture; Women,1920,45.5019,-73.5674
UAA-1973-018-014,https://archive.org/download/UAA-1973-018-014/UAA-1973-018-014.jpg,image/jpeg,,1916,,,Public Domain,,Buildings,1916,49.8954,-97.1385
UAA-1973-018-016,https://archive.org/download/UAA-1973-018-016/UAA-1973-018-016.jpg,image/jpeg,,1916,,,Public Domain,,Student Life; Residences; Women,1916,49.8954,-97.1385
UAA-1973-018-023,https://archive.org/download/UAA-1973-018-023/UAA-1973-018-023.jpg,image/jpeg,,1916,,,Public Domain,,Women,1916,49.8954,-97.1385
UAA-1973-018-028,https://archive.org/download/UAA-1973-018-028/UAA-1973-018-028.jpg,image/jpeg,,1916,,,Public Domain,,Military,1916,49.8954,-97.1385
UAA-1973-018-030,https://archive.org/download/UAA-1973-018-030/UAA-1973-018-030.jpg,image/jpeg,,1916,,,Public Domain,,Student Life,1916,49.8954,-97.1385
UAA-1973-022-080,https://archive.org/download/UAA-1973-022-080/UAA-1973-022-080.jpg,image/jpeg,,1970,,,© University of Alberta Students' Union,,Athletics; Women,1970,,
UAA-1973-024-018,https://archive.org/download/UAA-1973-024-018/UAA-1973-024-018.jpg,image/jpeg,,1949,,,© University of Alberta Students' Union,,Student Initiation; Student Life; Buildings,1949,,
UAA-1973-024-019,https://archive.org/download/UAA-1973-024-019/UAA-1973-024-019.jpg,image/jpeg,,1949,,,© University of Alberta Students' Union,,Student Life; Buildings,1949,,
UAA-1973-024-128,https://archive.org/download/UAA-1973-024-128/UAA-1973-024-128.jpg,image/jpeg,,1949,,,© University of Alberta Students' Union,,Student Life; Women,1949,,
UAA-1973-024-194,https://archive.org/download/UAA-1973-024-194/UAA-1973-024-194.jpg,image/jpeg,,1949,,,© University of Alberta Students' Union,,Student Life; Women,1949,,
UAA-1973-024-202,https://archive.org/download/UAA-1973-024-202/UAA-1973-024-202.jpg,image/jpeg,,1949,,,© University of Alberta Students' Union,,Student Life,1949,,
UAA-1973-124,https://archive.org/download/UAA-1973-124/UAA-1973-124.jpg,image/jpeg,,1912,,,Public Domain,,Quad,1912,43.6538,-79.3832
UAA-1974-037-011-1349,https://archive.org/download/UAA-1974-037-011-1349/UAA-1974-037-011-1349.jpg,image/jpeg,,1939-09-30,,,Public Domain,,Classroom; Faculty/Staff; Sciences/Engineering,1939,,
UAA-1974-037-011-2783,https://archive.org/download/UAA-1974-037-011-2783/UAA-1974-037-011-2783.jpg,image/jpeg,,1949-10-05,,,© Unknown,,Groundbreaking/Construction; Buildings; Sciences/Engineering,1949,,
UAA-1974-037-011-3006,https://archive.org/download/UAA-1974-037-011-3006/UAA-1974-037-011-3006.jpg,image/jpeg,,1970,,,© Unknown,,Equipment; Sciences/Engineering,1970,,
UAA-1974-037-011-3169,https://archive.org/download/UAA-1974-037-011-3169/UAA-1974-037-011-3169.jpg,image/jpeg,,1930,,,Public Domain,,Student Life; Buildings; Education; Women,1930,,
UAA-1974-037-011-3189,https://archive.org/download/UAA-1974-037-011-3189/UAA-1974-037-011-3189.jpg,image/jpeg,,1935,,,Public Domain,,Buildings; Hospital; Health Sciences,1935,,
UAA-1974-095-010,https://archive.org/download/UAA-1974-095-010/UAA-1974-095-010.jpg,image/jpeg,,1919-10-01,,,Public Domain,,President,1919,,
UAA-1974-116-001,https://archive.org/download/UAA-1974-116-001/UAA-1974-116-001.jpg,image/jpeg,,1931,,,Public Domain,,Radio/Television; Equipment,1931,,
UAA-1974-116-002,https://archive.org/download/UAA-1974-116-002/UAA-1974-116-002.jpg,image/jpeg,,1931,,,Public Domain,,Radio/Television; Equipment,1931,,
UAA-1974-116-004,https://archive.org/download/UAA-1974-116-004/UAA-1974-116-004.jpg,image/jpeg,,1934,,,Public Domain,,Radio/Television; Women,1934,,
UAA-1974-154-008,https://archive.org/download/UAA-1974-154-008/UAA-1974-154-008.jpg,image/jpeg,,1959,,,© University of Alberta Hospital,,Faculty/Staff; Equipment,1959,,
UAA-1974-154-009,https://archive.org/download/UAA-1974-154-009/UAA-1974-154-009.jpg,image/jpeg,,1959,,,© University of Alberta Hospital,,Hospital; Equipment; Faculty/Staff; Health Sciences,1959,,
UAA-1974-154-012,https://archive.org/download/UAA-1974-154-012/UAA-1974-154-012.jpg,image/jpeg,,1962,,,© University of Alberta Hospital,,Hospital,1962,,
UAA-1974-154-027,https://archive.org/download/UAA-1974-154-027/UAA-1974-154-027.jpg,image/jpeg,,1953,,,© University of Alberta Hospital,,Hospital; Equipment; Health Sciences,1953,,
UAA-1974-154-030,https://archive.org/download/UAA-1974-154-030/UAA-1974-154-030.jpg,image/jpeg,,1957,,,© University of Alberta Hospital,,Hospital; Women,1957,,
UAA-1974-154-033,https://archive.org/download/UAA-1974-154-033/UAA-1974-154-033.jpg,image/jpeg,,1960,,,© University of Alberta Hospital,,Hospital; Buildings,1960,,
UAA-1974-154-047,https://archive.org/download/UAA-1974-154-047/UAA-1974-154-047.jpg,image/jpeg,,1964,,,© University of Alberta Hospital,,Hospital; Vehicles; Faculty/Staff,1964,,
UAA-1974-154-052,https://archive.org/download/UAA-1974-154-052/UAA-1974-154-052.jpg,image/jpeg,,1957,,,© University of Alberta Hospital,,Hospital; Faculty/Staff; Health Sciences,1957,,
UAA-1974-154-053,https://archive.org/download/UAA-1974-154-053/UAA-1974-154-053.jpg,image/jpeg,,1955,,,© University of Alberta Hospital,,Hospital; Equipment; Faculty/Staff; Women,1955,,
UAA-1974-154-054,https://archive.org/download/UAA-1974-154-054/UAA-1974-154-054.jpg,image/jpeg,,1956,,,© University of Alberta Hospital,,Hospital; Equipment; Faculty/Staff; Women,1956,,
UAA-1974-154-055,https://archive.org/download/UAA-1974-154-055/UAA-1974-154-055.jpg,image/jpeg,,1959,,,© University of Alberta Hospital,,Hospital; Equipment; Women,1959,,
UAA-1975-100-043,https://archive.org/download/UAA-1975-100-043/UAA-1975-100-043.jpg,image/jpeg,,1950,,,Image subject to copyright.,,Faculty/Staff; Arts/Fine Arts,1950,,
UAA-1975-100-051,https://archive.org/download/UAA-1975-100-051/UAA-1975-100-051.jpg,image/jpeg,,1959-03-01,,,Image subject to copyright.,,Faculty/Staff; Arts/Fine Arts,1959,,
UAA-1975-100-053,https://archive.org/download/UAA-1975-100-053/UAA-1975-100-053.jpg,image/jpeg,,1962-05-01,,,© University of Alberta Mixed Chorus,,Student Life; Arts/Fine Arts,1962,,
UAA-1975-100-065,https://archive.org/download/UAA-1975-100-065/UAA-1975-100-065.jpg,image/jpeg,,1962-05-01,,,© University of Alberta Mixed Chorus,,Faculty/Staff; Arts/Fine Arts,1962,,
UAA-1975-100-073,https://archive.org/download/UAA-1975-100-073/UAA-1975-100-073.jpg,image/jpeg,,1962-05-01,,,© University of Alberta Mixed Chorus,,Student Life; Arts/Fine Arts,1962,,
UAA-1975-100-074,https://archive.org/download/UAA-1975-100-074/UAA-1975-100-074.jpg,image/jpeg,,1962-05-01,,,© University of Alberta Mixed Chorus,,Student Life; Arts/Fine Arts,1962,,
UAA-1975-100-156,https://archive.org/download/UAA-1975-100-156/UAA-1975-100-156.jpg,image/jpeg,,1967,,,© University of Alberta Mixed Chorus,,Student Life; Arts/Fine Arts,1967,,
UAA-1975-100-184,https://archive.org/download/UAA-1975-100-184/UAA-1975-100-184.jpg,image/jpeg,,1960,,,© University of Alberta Mixed Chorus,,Faculty/Staff; Arts/Fine Arts,2023,,
UAA-1975-100-185,https://archive.org/download/UAA-1975-100-185/UAA-1975-100-185.jpg,image/jpeg,,1960,,,© University of Alberta Mixed Chorus,,Faculty/Staff; Arts/Fine Arts,2023,,
UAA-1975-100-186,https://archive.org/download/UAA-1975-100-186/UAA-1975-100-186.jpg,image/jpeg,,1960,,,© University of Alberta Mixed Chorus,,Faculty/Staff; Arts/Fine Arts,2023,,
UAA-1976-025-138,https://archive.org/download/UAA-1976-025-138/UAA-1976-025-138.jpg,image/jpeg,,1956,,,"© University of Alberta Archives, Licensed under CC BY",,Buildings; Agriculture,1956,,
UAA-1976-025-338,https://archive.org/download/UAA-1976-025-338/UAA-1976-025-338.jpg,image/jpeg,,1910,,,Public Domain,,Buildings; Groundbreaking/Construction,1910,43.6533,-79.3832
UAA-1976-067-001-002,https://archive.org/download/UAA-1976-067-001-002/UAA-1976-067-001-002.jpg,image/jpeg,,1950,,,© Studio Theatre,,Arts/Fine Arts,1950,,
UAA-1976-067-001-007,https://archive.org/download/UAA-1976-067-001-007/UAA-1976-067-001-007.jpg,image/jpeg,,1950,,,© Studio Theatre,,Arts/Fine Arts,1950,,
UAA-1976-067-001-008,https://archive.org/download/UAA-1976-067-001-008/UAA-1976-067-001-008.jpg,image/jpeg,,1950,,,© Studio Theatre,,Arts/Fine Arts,1950,,
UAA-1976-067-001-011,https://archive.org/download/UAA-1976-067-001-011/UAA-1976-067-001-011.jpg,image/jpeg,,1950,,,© Studio Theatre,,Arts/Fine Arts,1950,,
UAA-1976-067-001-014,https://archive.org/download/UAA-1976-067-001-014/UAA-1976-067-001-014.jpg,image/jpeg,,1950,,,© Studio Theatre,,Arts/Fine Arts,1950,,
UAA-1976-067-001-016,https://archive.org/download/UAA-1976-067-001-016/UAA-1976-067-001-016.jpg,image/jpeg,,1950,,,© Studio Theatre,,Arts/Fine Arts,1950,,
UAA-1976-067-001-019,https://archive.org/download/UAA-1976-067-001-019/UAA-1976-067-001-019.jpg,image/jpeg,,1950,,,© Studio Theatre,,Arts/Fine Arts,1950,,
UAA-1976-067-001-020,https://archive.org/download/UAA-1976-067-001-020/UAA-1976-067-001-020.jpg,image/jpeg,,1954-03-01,,,© Studio Theatre,,Arts/Fine Arts,1954,,
UAA-1976-067-001-023,https://archive.org/download/UAA-1976-067-001-023/UAA-1976-067-001-023.jpg,image/jpeg,,1954-03-01,,,© Studio Theatre,,Arts/Fine Arts,1954,,
UAA-1976-067-001-026,https://archive.org/download/UAA-1976-067-001-026/UAA-1976-067-001-026.jpg,image/jpeg,,1954-03-01,,,© Studio Theatre,,Arts/Fine Arts,1954,,
UAA-1976-067-001-029,https://archive.org/download/UAA-1976-067-001-029/UAA-1976-067-001-029.jpg,image/jpeg,,1954-03-01,,,© Studio Theatre,,Arts/Fine Arts,1954,,
UAA-1976-067-001-033,https://archive.org/download/UAA-1976-067-001-033/UAA-1976-067-001-033.jpg,image/jpeg,,1954-03-01,,,© Studio Theatre,,Arts/Fine Arts,1954,,
UAA-1976-067-001-035,https://archive.org/download/UAA-1976-067-001-035/UAA-1976-067-001-035.jpg,image/jpeg,,1954-03-01,,,© Studio Theatre,,Arts/Fine Arts,1954,,
UAA-1976-067-001-037,https://archive.org/download/UAA-1976-067-001-037/UAA-1976-067-001-037.jpg,image/jpeg,,1954-11-01,,,© Studio Theatre,,Arts/Fine Arts,1954,,
UAA-1976-067-001-038,https://archive.org/download/UAA-1976-067-001-038/UAA-1976-067-001-038.jpg,image/jpeg,,1954-11-01,,,© Studio Theatre,,Arts/Fine Arts,1954,,
UAA-1976-067-001-045,https://archive.org/download/UAA-1976-067-001-045/UAA-1976-067-001-045.jpg,image/jpeg,,1954-11-01,,,© Studio Theatre,,Arts/Fine Arts,1954,,
UAA-1976-067-001-049,https://archive.org/download/UAA-1976-067-001-049/UAA-1976-067-001-049.jpg,image/jpeg,,1954-11-01,,,© Studio Theatre,,Arts/Fine Arts,1954,,
UAA-1976-067-001-055,https://archive.org/download/UAA-1976-067-001-055/UAA-1976-067-001-055.jpg,image/jpeg,,1954-11-01,,,© Studio Theatre,,Arts/Fine Arts,1954,,
UAA-1976-067-001-057,https://archive.org/download/UAA-1976-067-001-057/UAA-1976-067-001-057.jpg,image/jpeg,,1954-11-01,,,© Studio Theatre,,Arts/Fine Arts,1954,,
UAA-1976-067-001-059,https://archive.org/download/UAA-1976-067-001-059/UAA-1976-067-001-059.jpg,image/jpeg,,1954-11-01,,,© Studio Theatre,,Arts/Fine Arts,1954,,
UAA-1976-067-001-061,https://archive.org/download/UAA-1976-067-001-061/UAA-1976-067-001-061.jpg,image/jpeg,,1954-12-01,,,© Studio Theatre,,Arts/Fine Arts,1954,,
UAA-1976-067-001-065,https://archive.org/download/UAA-1976-067-001-065/UAA-1976-067-001-065.jpg,image/jpeg,,1954-12-01,,,© Studio Theatre,,Arts/Fine Arts,1954,,
UAA-1976-067-001-073,https://archive.org/download/UAA-1976-067-001-073/UAA-1976-067-001-073.jpg,image/jpeg,,1954-12-01,,,© Studio Theatre,,Arts/Fine Arts,1954,,
UAA-1976-067-001-076,https://archive.org/download/UAA-1976-067-001-076/UAA-1976-067-001-076.jpg,image/jpeg,,1954-12-01,,,© Studio Theatre,,Arts/Fine Arts,1954,,
UAA-1976-067-001-082,https://archive.org/download/UAA-1976-067-001-082/UAA-1976-067-001-082.jpg,image/jpeg,,1954-12-01,,,© Studio Theatre,,Arts/Fine Arts,1954,,
UAA-1976-067-001-084,https://archive.org/download/UAA-1976-067-001-084/UAA-1976-067-001-084.jpg,image/jpeg,,1955-02-01,,,© Studio Theatre,,Arts/Fine Arts,1955,,
UAA-1976-067-001-097,https://archive.org/download/UAA-1976-067-001-097/UAA-1976-067-001-097.jpg,image/jpeg,,1955-02-01,,,© Studio Theatre,,Arts/Fine Arts,1955,,
UAA-1976-067-001-106,https://archive.org/download/UAA-1976-067-001-106/UAA-1976-067-001-106.jpg,image/jpeg,,1955-02-01,,,© Studio Theatre,,Arts/Fine Arts,1955,,
UAA-1976-067-001-108,https://archive.org/download/UAA-1976-067-001-108/UAA-1976-067-001-108.jpg,image/jpeg,,1955-02-01,,,© Studio Theatre,,Arts/Fine Arts,1955,,
UAA-1976-067-001-114,https://archive.org/download/UAA-1976-067-001-114/UAA-1976-067-001-114.jpg,image/jpeg,,1955-02-01,,,© Studio Theatre,,Arts/Fine Arts,1955,,
UAA-1976-067-001-116,https://archive.org/download/UAA-1976-067-001-116/UAA-1976-067-001-116.jpg,image/jpeg,,1955-11-01,,,© Studio Theatre,,Arts/Fine Arts,1955,,
UAA-1976-067-001-117,https://archive.org/download/UAA-1976-067-001-117/UAA-1976-067-001-117.jpg,image/jpeg,,1955-11-01,,,© Studio Theatre,,Arts/Fine Arts,1955,,
UAA-1976-067-001-118,https://archive.org/download/UAA-1976-067-001-118/UAA-1976-067-001-118.jpg,image/jpeg,,1955-11-01,,,© Studio Theatre,,Arts/Fine Arts,1955,,
UAA-1976-067-001-124,https://archive.org/download/UAA-1976-067-001-124/UAA-1976-067-001-124.jpg,image/jpeg,,1955-11-01,,,© Studio Theatre,,Arts/Fine Arts,1955,,
UAA-1976-067-001-128,https://archive.org/download/UAA-1976-067-001-128/UAA-1976-067-001-128.jpg,image/jpeg,,1955-11-01,,,© Studio Theatre,,Arts/Fine Arts,1955,,
UAA-1976-067-001-130,https://archive.org/download/UAA-1976-067-001-130/UAA-1976-067-001-130.jpg,image/jpeg,,1955-11-01,,,© Studio Theatre,,Arts/Fine Arts,1955,,
UAA-1976-067-001-132,https://archive.org/download/UAA-1976-067-001-132/UAA-1976-067-001-132.jpg,image/jpeg,,1956,,,© Studio Theatre,,Arts/Fine Arts,1956,,
UAA-1976-067-001-136,https://archive.org/download/UAA-1976-067-001-136/UAA-1976-067-001-136.jpg,image/jpeg,,1956,,,© Studio Theatre,,Arts/Fine Arts,1956,,
UAA-1976-067-001-139,https://archive.org/download/UAA-1976-067-001-139/UAA-1976-067-001-139.jpg,image/jpeg,,1956,,,© Studio Theatre,,Arts/Fine Arts,1956,,
UAA-1976-067-001-141,https://archive.org/download/UAA-1976-067-001-141/UAA-1976-067-001-141.jpg,image/jpeg,,1956,,,© Studio Theatre,,Arts/Fine Arts,1956,,
UAA-1976-067-001-150,https://archive.org/download/UAA-1976-067-001-150/UAA-1976-067-001-150.jpg,image/jpeg,,1956,,,© Studio Theatre,,Arts/Fine Arts,1956,,
UAA-1976-067-001-156,https://archive.org/download/UAA-1976-067-001-156/UAA-1976-067-001-156.jpg,image/jpeg,,1956,,,© Studio Theatre,,Arts/Fine Arts,1956,,
UAA-1976-067-001-161,https://archive.org/download/UAA-1976-067-001-161/UAA-1976-067-001-161.jpg,image/jpeg,,1956,,,© Studio Theatre,,Arts/Fine Arts,1956,,
UAA-1976-067-001-165,https://archive.org/download/UAA-1976-067-001-165/UAA-1976-067-001-165.jpg,image/jpeg,,1956,,,© Studio Theatre,,Arts/Fine Arts,1956,,
UAA-1976-067-001-166,https://archive.org/download/UAA-1976-067-001-166/UAA-1976-067-001-166.jpg,image/jpeg,,1956-02-01,,,© Studio Theatre,,Arts/Fine Arts,1956,,
UAA-1976-067-001-168,https://archive.org/download/UAA-1976-067-001-168/UAA-1976-067-001-168.jpg,image/jpeg,,1956-02-01,,,© Studio Theatre,,Arts/Fine Arts,1956,,
UAA-1976-067-001-175,https://archive.org/download/UAA-1976-067-001-175/UAA-1976-067-001-175.jpg,image/jpeg,,1956-02-01,,,© Studio Theatre,,Arts/Fine Arts,1956,,
UAA-1976-067-001-181,https://archive.org/download/UAA-1976-067-001-181/UAA-1976-067-001-181.jpg,image/jpeg,,1956-02-01,,,© Studio Theatre,,Arts/Fine Arts,1956,,
UAA-1976-067-001-184,https://archive.org/download/UAA-1976-067-001-184/UAA-1976-067-001-184.jpg,image/jpeg,,1956-03-01,,,© Studio Theatre,,Arts/Fine Arts,1956,,
UAA-1976-067-001-194,https://archive.org/download/UAA-1976-067-001-194/UAA-1976-067-001-194.jpg,image/jpeg,,1956-03-01,,,© Studio Theatre,,Arts/Fine Arts,1956,,
UAA-1976-067-001-195,https://archive.org/download/UAA-1976-067-001-195/UAA-1976-067-001-195.jpg,image/jpeg,,1956-03-01,,,© Studio Theatre,,Arts/Fine Arts,1956,,
UAA-1976-067-001-196,https://archive.org/download/UAA-1976-067-001-196/UAA-1976-067-001-196.jpg,image/jpeg,,1956-03-01,,,© Studio Theatre,,Arts/Fine Arts,1956,,
UAA-1976-067-001-204,https://archive.org/download/UAA-1976-067-001-204/UAA-1976-067-001-204.jpg,image/jpeg,,1956-06-01,,,© Studio Theatre,,Arts/Fine Arts,1956,,
UAA-1976-067-001-207,https://archive.org/download/UAA-1976-067-001-207/UAA-1976-067-001-207.jpg,image/jpeg,,1956-06-01,,,© Studio Theatre,,Arts/Fine Arts,1956,,
UAA-1976-067-001-208,https://archive.org/download/UAA-1976-067-001-208/UAA-1976-067-001-208.jpg,image/jpeg,,1956-06-01,,,© Studio Theatre,,Arts/Fine Arts,1956,,
UAA-1976-067-001-210,https://archive.org/download/UAA-1976-067-001-210/UAA-1976-067-001-210.jpg,image/jpeg,,1956-06-01,,,© Studio Theatre,,Arts/Fine Arts,1956,,
UAA-1976-067-001-212,https://archive.org/download/UAA-1976-067-001-212/UAA-1976-067-001-212.jpg,image/jpeg,,1956-11-01,,,© Studio Theatre,,Arts/Fine Arts; Alumni,1956,,
UAA-1976-067-001-215,https://archive.org/download/UAA-1976-067-001-215/UAA-1976-067-001-215.jpg,image/jpeg,,1956-11-01,,,© Studio Theatre,,Arts/Fine Arts; Alumni,1956,,
UAA-1976-067-001-218,https://archive.org/download/UAA-1976-067-001-218/UAA-1976-067-001-218.jpg,image/jpeg,,1956-11-01,,,© Studio Theatre,,Arts/Fine Arts; Alumni,1956,,
UAA-1976-067-001-220,https://archive.org/download/UAA-1976-067-001-220/UAA-1976-067-001-220.jpg,image/jpeg,,1956-11-01,,,© Studio Theatre,,Arts/Fine Arts; Alumni,1956,,
UAA-1976-067-001-228,https://archive.org/download/UAA-1976-067-001-228/UAA-1976-067-001-228.jpg,image/jpeg,,1957,,,© Studio Theatre,,Arts/Fine Arts,1957,,
UAA-1976-067-001-235,https://archive.org/download/UAA-1976-067-001-235/UAA-1976-067-001-235.jpg,image/jpeg,,1957,,,© Studio Theatre,,Arts/Fine Arts,1957,,
UAA-1976-067-001-237,https://archive.org/download/UAA-1976-067-001-237/UAA-1976-067-001-237.jpg,image/jpeg,,1957,,,© Studio Theatre,,Arts/Fine Arts,1957,,
UAA-1976-067-001-248,https://archive.org/download/UAA-1976-067-001-248/UAA-1976-067-001-248.jpg,image/jpeg,,1957-03-01,,,© Studio Theatre,,Arts/Fine Arts,1957,,
UAA-1976-067-001-251,https://archive.org/download/UAA-1976-067-001-251/UAA-1976-067-001-251.jpg,image/jpeg,,1957-03-01,,,© Studio Theatre,,Arts/Fine Arts,1957,,
UAA-1976-067-001-253,https://archive.org/download/UAA-1976-067-001-253/UAA-1976-067-001-253.jpg,image/jpeg,,1957-03-01,,,© Studio Theatre,,Arts/Fine Arts,1957,,
UAA-1976-067-001-256,https://archive.org/download/UAA-1976-067-001-256/UAA-1976-067-001-256.jpg,image/jpeg,,1957-03-01,,,© Studio Theatre,,Arts/Fine Arts,1957,,
UAA-1976-067-001-262,https://archive.org/download/UAA-1976-067-001-262/UAA-1976-067-001-262.jpg,image/jpeg,,1957-11-01,,,© Studio Theatre,,Arts/Fine Arts; Alumni,1957,,
UAA-1976-067-001-265,https://archive.org/download/UAA-1976-067-001-265/UAA-1976-067-001-265.jpg,image/jpeg,,1957-11-01,,,© Studio Theatre,,Arts/Fine Arts; Alumni,1957,,
UAA-1976-067-001-268,https://archive.org/download/UAA-1976-067-001-268/UAA-1976-067-001-268.jpg,image/jpeg,,1957-11-01,,,© Studio Theatre,,Arts/Fine Arts; Alumni,1957,,
UAA-1976-067-001-270,https://archive.org/download/UAA-1976-067-001-270/UAA-1976-067-001-270.jpg,image/jpeg,,1957-11-01,,,© Studio Theatre,,Arts/Fine Arts; Alumni,1957,,
UAA-1976-067-001-274,https://archive.org/download/UAA-1976-067-001-274/UAA-1976-067-001-274.jpg,image/jpeg,,1958-03-01,,,© Studio Theatre,,Arts/Fine Arts,1958,,
UAA-1976-067-001-276,https://archive.org/download/UAA-1976-067-001-276/UAA-1976-067-001-276.jpg,image/jpeg,,1958-03-01,,,© Studio Theatre,,Arts/Fine Arts,1958,,
UAA-1976-067-001-280,https://archive.org/download/UAA-1976-067-001-280/UAA-1976-067-001-280.jpg,image/jpeg,,1958-03-01,,,© Studio Theatre,,Arts/Fine Arts,1958,,
UAA-1976-067-001-283,https://archive.org/download/UAA-1976-067-001-283/UAA-1976-067-001-283.jpg,image/jpeg,,1958-03-01,,,© Studio Theatre,,Arts/Fine Arts,1958,,
UAA-1976-067-001-288,https://archive.org/download/UAA-1976-067-001-288/UAA-1976-067-001-288.jpg,image/jpeg,,1958-12-01,,,© Studio Theatre,,Arts/Fine Arts; Alumni,1958,,
UAA-1976-067-001-293,https://archive.org/download/UAA-1976-067-001-293/UAA-1976-067-001-293.jpg,image/jpeg,,1958-12-01,,,© Studio Theatre,,Arts/Fine Arts; Alumni,1958,,
UAA-1976-067-001-295,https://archive.org/download/UAA-1976-067-001-295/UAA-1976-067-001-295.jpg,image/jpeg,,1958-12-01,,,© Studio Theatre,,Arts/Fine Arts; Alumni,1958,,
UAA-1976-067-001-300,https://archive.org/download/UAA-1976-067-001-300/UAA-1976-067-001-300.jpg,image/jpeg,,1958-12-01,,,© Studio Theatre,,Arts/Fine Arts; Alumni,1958,,
UAA-1976-067-001-307,https://archive.org/download/UAA-1976-067-001-307/UAA-1976-067-001-307.jpg,image/jpeg,,1959-02-01,,,© Studio Theatre,,Arts/Fine Arts,1959,,
UAA-1976-067-001-308,https://archive.org/download/UAA-1976-067-001-308/UAA-1976-067-001-308.jpg,image/jpeg,,1959-02-01,,,© Studio Theatre,,Arts/Fine Arts,1959,,
UAA-1976-067-001-314,https://archive.org/download/UAA-1976-067-001-314/UAA-1976-067-001-314.jpg,image/jpeg,,1959-02-01,,,© Studio Theatre,,Arts/Fine Arts,1959,,
UAA-1976-067-001-316,https://archive.org/download/UAA-1976-067-001-316/UAA-1976-067-001-316.jpg,image/jpeg,,1959-02-01,,,© Studio Theatre,,Arts/Fine Arts,1959,,
UAA-1976-067-001-318,https://archive.org/download/UAA-1976-067-001-318/UAA-1976-067-001-318.jpg,image/jpeg,,1959-03-01,,,© Studio Theatre,,Arts/Fine Arts,1959,,
UAA-1976-067-001-320,https://archive.org/download/UAA-1976-067-001-320/UAA-1976-067-001-320.jpg,image/jpeg,,1959-03-01,,,© Studio Theatre,,Arts/Fine Arts,1959,,
UAA-1976-067-001-322,https://archive.org/download/UAA-1976-067-001-322/UAA-1976-067-001-322.jpg,image/jpeg,,1959-03-01,,,© Studio Theatre,,Arts/Fine Arts,1959,,
UAA-1976-067-001-327,https://archive.org/download/UAA-1976-067-001-327/UAA-1976-067-001-327.jpg,image/jpeg,,1959-03-01,,,© Studio Theatre,,Arts/Fine Arts,1959,,
UAA-1977-045-002,https://archive.org/download/UAA-1977-045-002/UAA-1977-045-002.jpg,image/jpeg,,1917,,,Public Domain,,Athletics; Women,1917,49.8954,-97.1385
UAA-1977-046-001,https://archive.org/download/UAA-1977-046-001/UAA-1977-046-001.jpg,image/jpeg,,1930,,,Public Domain,,Faculty/Staff; Sciences/Engineering,1930,,
UAA-1977-046-005,https://archive.org/download/UAA-1977-046-005/UAA-1977-046-005.jpg,image/jpeg,,1930,,,Public Domain,,Faculty/Staff; Sciences/Engineering,1930,,
UAA-1977-046-006,https://archive.org/download/UAA-1977-046-006/UAA-1977-046-006.jpg,image/jpeg,,1933,,,Public Domain,,Sciences/Engineering,1933,,
UAA-1977-046-018,https://archive.org/download/UAA-1977-046-018/UAA-1977-046-018.jpg,image/jpeg,,1930,,,Public Domain,,Faculty/Staff; Sciences/Engineering,1930,,
UAA-1977-046-026,https://archive.org/download/UAA-1977-046-026/UAA-1977-046-026.jpg,image/jpeg,,1923,,,Public Domain,,Sciences/Engineering,1923,,
UAA-1977-046-031,https://archive.org/download/UAA-1977-046-031/UAA-1977-046-031.jpg,image/jpeg,,1923,,,Public Domain,,Sciences/Engineering; Equipment,1923,,
UAA-1977-046-032,https://archive.org/download/UAA-1977-046-032/UAA-1977-046-032.jpg,image/jpeg,,1923,,,Public Domain,,Sciences/Engineering,1923,,
UAA-1977-177,https://archive.org/download/UAA-1977-177/UAA-1977-177.jpg,image/jpeg,,1911,,,Public Domain,,Groundbreaking/Construction; Buildings,1911,43.6535,-79.3832
UAA-1978-003-006,https://archive.org/download/UAA-1978-003-006/UAA-1978-003-006.jpg,image/jpeg,,1968,,,"© University of Alberta Archives, Licensed under CC BY",,Buildings,1968,,
UAA-1978-003-064,https://archive.org/download/UAA-1978-003-064/UAA-1978-003-064.jpg,image/jpeg,,1950-03-01,,,"© University of Alberta Archives, Licensed under CC BY",,Women; Events,1950,,
UAA-1978-009-002,https://archive.org/download/UAA-1978-009-002/UAA-1978-009-002.jpg,image/jpeg,,1913,,,Public Domain,,Buildings; President,1913,43.6542,-79.3832
UAA-1978-009-004,https://archive.org/download/UAA-1978-009-004/UAA-1978-009-004.jpg,image/jpeg,,1913-09-01,,,Public Domain,,Buildings; Groundbreaking/Construction,1913,,
UAA-1978-036-001,https://archive.org/download/UAA-1978-036-001/UAA-1978-036-001.jpg,image/jpeg,,1913-05-01,,,Public Domain,,Class Photos; Faculty/Staff; Sciences/Engineering,1913,,
UAA-1978-036-003,https://archive.org/download/UAA-1978-036-003/UAA-1978-036-003.jpg,image/jpeg,,,,,Public Domain,,Deans; Faculty/Staff; Sciences/Engineering,0,,
UAA-1978-036-005,https://archive.org/download/UAA-1978-036-005/UAA-1978-036-005.jpg,image/jpeg,,,,,Public Domain,,Deans; Faculty/Staff; Sciences/Engineering,0,,
UAA-1978-036-006,https://archive.org/download/UAA-1978-036-006/UAA-1978-036-006.jpg,image/jpeg,,,,,Public Domain,,Deans; Faculty/Staff; Sciences/Engineering,0,,
UAA-1979-051-258a,https://archive.org/download/UAA-1979-051-258a/UAA-1979-051-258a.jpg,image/jpeg,,1923,,,Public Domain,,Convocation; Buildings,1923,,
UAA-1979-051-259a,https://archive.org/download/UAA-1979-051-259a/UAA-1979-051-259a.jpg,image/jpeg,,1945,,,Public Domain,,Convocation; Women,1945,,
UAA-1979-051-260,https://archive.org/download/UAA-1979-051-260/UAA-1979-051-260.jpg,image/jpeg,,1948,,,Public Domain,,Convocation; Women,1948,,
UAA-1979-051-261c,https://archive.org/download/UAA-1979-051-261c/UAA-1979-051-261c.jpg,image/jpeg,,1952,,,"© University of Alberta Archives, Licensed under CC BY",,Convocation; Chancellor,1952,,
UAA-1979-051-261e,https://archive.org/download/UAA-1979-051-261e/UAA-1979-051-261e.jpg,image/jpeg,,1952,,,"© University of Alberta Archives, Licensed under CC BY",,Convocation; Chancellor,1952,,
UAA-1979-051-262d,https://archive.org/download/UAA-1979-051-262d/UAA-1979-051-262d.jpg,image/jpeg,,1955,,,"© University of Alberta Archives, Licensed under CC BY",,Convocation,1955,,
UAA-1979-051-263b,https://archive.org/download/UAA-1979-051-263b/UAA-1979-051-263b.jpg,image/jpeg,,1956,,,"© University of Alberta Archives, Licensed under CC BY",,Convocation; Women,1956,,
UAA-1979-051-269a,https://archive.org/download/UAA-1979-051-269a/UAA-1979-051-269a.jpg,image/jpeg,,1962,,,"© University of Alberta Archives, Licensed under CC BY",,Convocation; Women,1962,,
UAA-1979-051-304-039,https://archive.org/download/UAA-1979-051-304-039/UAA-1979-051-304-039.jpg,image/jpeg,,1960,,,"© University of Alberta Archives, Licensed under CC BY",,Classroom; Health Sciences; Women,1960,,
UAA-1979-051-304-041,https://archive.org/download/UAA-1979-051-304-041/UAA-1979-051-304-041.jpg,image/jpeg,,1960,,,"© University of Alberta Archives, Licensed under CC BY",,Classroom; Arts/Fine Arts; Women,1960,,
UAA-1979-051-316b,https://archive.org/download/UAA-1979-051-316b/UAA-1979-051-316b.jpg,image/jpeg,,1956,,,"© University of Alberta Archives, Licensed under CC BY",,Buildings; Equipment; Sciences/Engineering,1956,,
UAA-1979-051-325-001,https://archive.org/download/UAA-1979-051-325-001/UAA-1979-051-325-001.jpg,image/jpeg,,1960,,,"© University of Alberta Archives, Licensed under CC BY",,Buildings; Library; Vehicles,1960,,
UAA-1979-051-325-002,https://archive.org/download/UAA-1979-051-325-002/UAA-1979-051-325-002.jpg,image/jpeg,,1960,,,"© University of Alberta Archives, Licensed under CC BY",,Groundbreaking/Construction; Buildings,1960,,
UAA-1979-051-328,https://archive.org/download/UAA-1979-051-328/UAA-1979-051-328.jpg,image/jpeg,,1960,,,"© University of Alberta Archives, Licensed under CC BY",,Buildings,1960,,
UAA-1979-051-343a,https://archive.org/download/UAA-1979-051-343a/UAA-1979-051-343a.jpg,image/jpeg,,1972,,,"© University of Alberta Archives, Licensed under CC BY",,Buildings,1972,,
UAA-1979-051-343b,https://archive.org/download/UAA-1979-051-343b/UAA-1979-051-343b.jpg,image/jpeg,,1972,,,"© University of Alberta Archives, Licensed under CC BY",,Buildings; Vehicles,1972,,
UAA-1979-051-344a,https://archive.org/download/UAA-1979-051-344a/UAA-1979-051-344a.jpg,image/jpeg,,1960,,,"© University of Alberta Archives, Licensed under CC BY",,Library,1960,,
UAA-1979-051-344b,https://archive.org/download/UAA-1979-051-344b/UAA-1979-051-344b.jpg,image/jpeg,,1960,,,"© University of Alberta Archives, Licensed under CC BY",,Library,1960,,
UAA-1990-060-007,https://archive.org/download/UAA-1990-060-007/UAA-1990-060-007.jpg,image/jpeg,,1925-10-05,,,Public Domain,,Convocation; Buildings,1925,,
UAA-1990-126-017,https://archive.org/download/UAA-1990-126-017/UAA-1990-126-017.jpg,image/jpeg,,1937-09-01,,,,,Student Life; Student Initiation,1937,,
UAA-1998-036-028,https://archive.org/download/UAA-1998-036-028/UAA-1998-036-028.jpg,image/jpeg,,1914,,,,,Buildings; Groundbreaking/Construction,1914,43.6546,-79.3832
UAA-2001-058-024,https://archive.org/download/UAA-2001-058-024/UAA-2001-058-024.jpg,image/jpeg,,1936,,,Public Domain,,Composers; Musicians,1936,,
UAA-2007-030-001,https://archive.org/download/UAA-2007-030-001/UAA-2007-030-001.jpg,image/jpeg,"Prichard, Richard Preston",1915,,"The photo album contains photographs predominantly documenting Richard P. Prichard's life in Alberta, Canada. The pages feature black & white photographs, detailed annotations and paper ephemera.","The majority of these photos are from 1905-1915 and are in public domain. The photos from 1957 are protected by copyright and/or related rights. You are free to use these items in any way that is permitted by the copyright and related rights legislation that applies to your use. In addition, no permission is required from the rights-holder(s) for non-commercial uses. For other uses you need to obtain permission from the rights-holder(s). IN COPYRIGHT - NON-COMMERCIAL USE PERMITTED",,Prairies; Land settlement; Horses,1915,45.5019,-73.5674